timestamp,branch,transaction_id,transaction_type,login_status
14/8/2026 9:00,Branch 13,T00001,Withdrawal,Failed
14/8/2026 9:00,Branch 10,T00002,Payment,Successful
14/8/2026 9:02,Branch 04,T00003,Payment,Successful
14/8/2026 9:02,Branch 09,T00004,Withdrawal,Successful
14/8/2026 9:03,Branch 11,T00005,Transfer,Successful
14/8/2026 9:03,Branch 13,T00006,Withdrawal,Successful
14/8/2026 9:04,Branch 03,T00007,Deposit,Successful
14/8/2026 9:04,Branch 02,T00008,Payment,Successful
14/8/2026 9:04,Branch 05,T00009,Transfer,Successful
14/8/2026 9:06,Branch 01,T00010,Withdrawal,Successful
14/8/2026 9:06,Branch 02,T00011,Withdrawal,Failed
14/8/2026 9:06,Branch 02,T00012,Transfer,Successful
14/8/2026 9:06,Branch 03,T00013,Deposit,Successful
14/8/2026 9:07,Branch 08,T00014,Transfer,Successful
14/8/2026 9:07,Branch 05,T00015,Payment,Successful
14/8/2026 9:08,Branch 04,T00016,Withdrawal,Successful
14/8/2026 9:10,Branch 13,T00017,Deposit,Successful
14/8/2026 9:10,Branch 12,T00018,Payment,Failed
14/8/2026 9:12,Branch 13,T00019,Deposit,Successful
14/8/2026 9:13,Branch 01,T00020,Withdrawal,Successful
14/8/2026 9:13,Branch 03,T00021,Deposit,Successful
14/8/2026 9:17,Branch 01,T00022,Transfer,Successful
14/8/2026 9:17,Branch 09,T00023,Transfer,Successful
14/8/2026 9:18,Branch 04,T00024,Payment,Successful
14/8/2026 9:19,Branch 01,T00025,Deposit,Failed
14/8/2026 9:19,Branch 10,T00026,Payment,Successful
14/8/2026 9:20,Branch 04,T00027,Payment,Successful
14/8/2026 9:21,Branch 15,T00028,Transfer,Successful
14/8/2026 9:21,Branch 08,T00029,Deposit,Successful
14/8/2026 9:21,Branch 14,T00030,Deposit,Successful
14/8/2026 9:23,Branch 03,T00031,Transfer,Successful
14/8/2026 9:24,Branch 02,T00032,Payment,Successful
14/8/2026 9:24,Branch 02,T00033,Payment,Failed
14/8/2026 9:25,Branch 07,T00034,Payment,Successful
14/8/2026 9:25,Branch 14,T00035,Payment,Successful
14/8/2026 9:26,Branch 04,T00036,Transfer,Successful
14/8/2026 9:26,Branch 09,T00037,Payment,Successful
14/8/2026 9:26,Branch 07,T00038,Withdrawal,Successful
14/8/2026 9:28,Branch 04,T00039,Payment,Successful
14/8/2026 9:28,Branch 02,T00040,Transfer,Successful
14/8/2026 9:30,Branch 02,T00041,Payment,Successful
14/8/2026 9:30,Branch 10,T00042,Transfer,Successful
14/8/2026 9:31,Branch 06,T00043,Withdrawal,Successful
14/8/2026 9:32,Branch 06,T00044,Payment,Successful
14/8/2026 9:32,Branch 15,T00045,Payment,Successful
14/8/2026 9:33,Branch 14,T00046,Withdrawal,Successful
14/8/2026 9:34,Branch 04,T00047,Transfer,Successful
14/8/2026 9:34,Branch 01,T00048,Transfer,Successful
14/8/2026 9:35,Branch 15,T00049,Transfer,Failed
14/8/2026 9:35,Branch 13,T00050,Payment,Successful
14/8/2026 9:35,Branch 03,T00051,Withdrawal,Successful
14/8/2026 9:36,Branch 13,T00052,Transfer,Failed
14/8/2026 9:37,Branch 07,T00053,Payment,Successful
14/8/2026 9:38,Branch 15,T00054,Deposit,Successful
14/8/2026 9:38,Branch 10,T00055,Withdrawal,Successful
14/8/2026 9:39,Branch 09,T00056,Withdrawal,Successful
14/8/2026 9:39,Branch 13,T00057,Transfer,Successful
14/8/2026 9:39,Branch 08,T00058,Transfer,Successful
14/8/2026 9:41,Branch 03,T00059,Transfer,Successful
14/8/2026 9:41,Branch 10,T00060,Deposit,Successful
14/8/2026 9:41,Branch 15,T00061,Payment,Successful
14/8/2026 9:42,Branch 06,T00062,Withdrawal,Successful
14/8/2026 9:43,Branch 08,T00063,Deposit,Successful
14/8/2026 9:43,Branch 09,T00064,Payment,Successful
14/8/2026 9:44,Branch 01,T00065,Payment,Successful
14/8/2026 9:44,Branch 13,T00066,Transfer,Successful
14/8/2026 9:44,Branch 12,T00067,Deposit,Successful
14/8/2026 9:44,Branch 08,T00068,Deposit,Successful
14/8/2026 9:46,Branch 05,T00069,Transfer,Successful
14/8/2026 9:46,Branch 15,T00070,Payment,Successful
14/8/2026 9:46,Branch 09,T00071,Deposit,Successful
14/8/2026 9:46,Branch 07,T00072,Payment,Successful
14/8/2026 9:46,Branch 04,T00073,Payment,Successful
14/8/2026 9:46,Branch 03,T00074,Withdrawal,Successful
14/8/2026 9:47,Branch 02,T00075,Payment,Successful
14/8/2026 9:47,Branch 09,T00076,Transfer,Successful
14/8/2026 9:48,Branch 06,T00077,Deposit,Successful
14/8/2026 9:49,Branch 03,T00078,Deposit,Successful
14/8/2026 9:49,Branch 15,T00079,Payment,Successful
14/8/2026 9:50,Branch 10,T00080,Payment,Successful
14/8/2026 9:51,Branch 08,T00081,Withdrawal,Successful
14/8/2026 9:51,Branch 03,T00082,Transfer,Failed
14/8/2026 9:51,Branch 03,T00083,Transfer,Successful
14/8/2026 9:52,Branch 06,T00084,Deposit,Failed
14/8/2026 9:52,Branch 15,T00085,Deposit,Successful
14/8/2026 9:53,Branch 08,T00086,Transfer,Successful
14/8/2026 9:53,Branch 10,T00087,Deposit,Successful
14/8/2026 9:54,Branch 01,T00088,Transfer,Successful
14/8/2026 9:54,Branch 12,T00089,Transfer,Successful
14/8/2026 9:54,Branch 12,T00090,Payment,Successful
14/8/2026 9:54,Branch 09,T00091,Payment,Successful
14/8/2026 9:55,Branch 02,T00092,Withdrawal,Successful
14/8/2026 9:55,Branch 03,T00093,Withdrawal,Successful
14/8/2026 9:56,Branch 09,T00094,Payment,Successful
14/8/2026 9:56,Branch 09,T00095,Payment,Successful
14/8/2026 9:56,Branch 08,T00096,Withdrawal,Successful
14/8/2026 9:57,Branch 05,T00097,Payment,Successful
14/8/2026 9:58,Branch 10,T00098,Withdrawal,Successful
14/8/2026 9:58,Branch 07,T00099,Payment,Successful
14/8/2026 9:59,Branch 11,T00100,Transfer,Successful
14/8/2026 9:59,Branch 07,T00101,Transfer,Successful
14/8/2026 10:00,Branch 12,T00102,Withdrawal,Successful
14/8/2026 10:00,Branch 12,T00103,Transfer,Successful
14/8/2026 10:01,Branch 10,T00104,Transfer,Successful
14/8/2026 10:01,Branch 05,T00105,Payment,Successful
14/8/2026 10:01,Branch 08,T00106,Deposit,Failed
14/8/2026 10:02,Branch 01,T00107,Payment,Successful
14/8/2026 10:02,Branch 13,T00108,Withdrawal,Successful
14/8/2026 10:02,Branch 05,T00109,Deposit,Successful
14/8/2026 10:02,Branch 02,T00110,Withdrawal,Successful
14/8/2026 10:02,Branch 12,T00111,Transfer,Successful
14/8/2026 10:03,Branch 10,T00112,Payment,Successful
14/8/2026 10:03,Branch 13,T00113,Withdrawal,Failed
14/8/2026 10:03,Branch 06,T00114,Deposit,Successful
14/8/2026 10:04,Branch 10,T00115,Payment,Successful
14/8/2026 10:04,Branch 09,T00116,Deposit,Successful
14/8/2026 10:04,Branch 10,T00117,Withdrawal,Successful
14/8/2026 10:04,Branch 08,T00118,Transfer,Successful
14/8/2026 10:05,Branch 09,T00119,Transfer,Successful
14/8/2026 10:05,Branch 15,T00120,Payment,Successful
14/8/2026 10:06,Branch 04,T00121,Payment,Successful
14/8/2026 10:06,Branch 10,T00122,Transfer,Successful
14/8/2026 10:06,Branch 15,T00123,Transfer,Successful
14/8/2026 10:07,Branch 10,T00124,Withdrawal,Successful
14/8/2026 10:07,Branch 08,T00125,Payment,Successful
14/8/2026 10:08,Branch 15,T00126,Withdrawal,Successful
14/8/2026 10:08,Branch 02,T00127,Payment,Successful
14/8/2026 10:08,Branch 01,T00128,Payment,Successful
14/8/2026 10:09,Branch 11,T00129,Withdrawal,Successful
14/8/2026 10:09,Branch 07,T00130,Transfer,Successful
14/8/2026 10:10,Branch 03,T00131,Payment,Successful
14/8/2026 10:10,Branch 01,T00132,Withdrawal,Successful
14/8/2026 10:11,Branch 04,T00133,Withdrawal,Successful
14/8/2026 10:11,Branch 04,T00134,Transfer,Successful
14/8/2026 10:11,Branch 10,T00135,Payment,Successful
14/8/2026 10:12,Branch 06,T00136,Deposit,Successful
14/8/2026 10:13,Branch 09,T00137,Withdrawal,Failed
14/8/2026 10:14,Branch 04,T00138,Payment,Successful
14/8/2026 10:14,Branch 08,T00139,Payment,Successful
14/8/2026 10:14,Branch 11,T00140,Payment,Failed
14/8/2026 10:15,Branch 14,T00141,Withdrawal,Successful
14/8/2026 10:15,Branch 14,T00142,Transfer,Successful
14/8/2026 10:16,Branch 14,T00143,Transfer,Successful
14/8/2026 10:17,Branch 06,T00144,Transfer,Successful
14/8/2026 10:17,Branch 15,T00145,Withdrawal,Successful
14/8/2026 10:17,Branch 10,T00146,Transfer,Successful
14/8/2026 10:18,Branch 14,T00147,Transfer,Successful
14/8/2026 10:19,Branch 02,T00148,Transfer,Failed
14/8/2026 10:19,Branch 11,T00149,Transfer,Successful
14/8/2026 10:20,Branch 12,T00150,Payment,Successful
14/8/2026 10:21,Branch 05,T00151,Withdrawal,Successful
14/8/2026 10:21,Branch 03,T00152,Transfer,Successful
14/8/2026 10:21,Branch 08,T00153,Deposit,Successful
14/8/2026 10:21,Branch 10,T00154,Withdrawal,Failed
14/8/2026 10:22,Branch 07,T00155,Withdrawal,Successful
14/8/2026 10:22,Branch 03,T00156,Deposit,Successful
14/8/2026 10:23,Branch 09,T00157,Payment,Successful
14/8/2026 10:24,Branch 05,T00158,Transfer,Successful
14/8/2026 10:24,Branch 14,T00159,Withdrawal,Successful
14/8/2026 10:25,Branch 12,T00160,Transfer,Successful
14/8/2026 10:25,Branch 12,T00161,Transfer,Successful
14/8/2026 10:25,Branch 06,T00162,Payment,Successful
14/8/2026 10:26,Branch 02,T00163,Withdrawal,Successful
14/8/2026 10:26,Branch 07,T00164,Payment,Successful
14/8/2026 10:29,Branch 15,T00165,Payment,Successful
14/8/2026 10:29,Branch 09,T00166,Withdrawal,Successful
14/8/2026 10:29,Branch 13,T00167,Transfer,Successful
14/8/2026 10:29,Branch 07,T00168,Withdrawal,Successful
14/8/2026 10:29,Branch 10,T00169,Deposit,Failed
14/8/2026 10:29,Branch 05,T00170,Transfer,Successful
14/8/2026 10:30,Branch 15,T00171,Transfer,Successful
14/8/2026 10:30,Branch 01,T00172,Payment,Successful
14/8/2026 10:31,Branch 15,T00173,Transfer,Successful
14/8/2026 10:32,Branch 04,T00174,Transfer,Successful
14/8/2026 10:32,Branch 02,T00175,Deposit,Successful
14/8/2026 10:33,Branch 07,T00176,Payment,Successful
14/8/2026 10:33,Branch 03,T00177,Payment,Successful
14/8/2026 10:33,Branch 10,T00178,Transfer,Successful
14/8/2026 10:33,Branch 15,T00179,Withdrawal,Successful
14/8/2026 10:35,Branch 09,T00180,Deposit,Successful
14/8/2026 10:36,Branch 03,T00181,Payment,Successful
14/8/2026 10:37,Branch 03,T00182,Withdrawal,Successful
14/8/2026 10:38,Branch 08,T00183,Payment,Successful
14/8/2026 10:41,Branch 05,T00184,Transfer,Successful
14/8/2026 10:41,Branch 02,T00185,Transfer,Successful
14/8/2026 10:41,Branch 06,T00186,Deposit,Successful
14/8/2026 10:42,Branch 06,T00187,Deposit,Successful
14/8/2026 10:44,Branch 08,T00188,Withdrawal,Successful
14/8/2026 10:44,Branch 02,T00189,Transfer,Successful
14/8/2026 10:45,Branch 02,T00190,Transfer,Successful
14/8/2026 10:45,Branch 09,T00191,Transfer,Successful
14/8/2026 10:46,Branch 02,T00192,Payment,Successful
14/8/2026 10:46,Branch 03,T00193,Payment,Successful
14/8/2026 10:47,Branch 10,T00194,Withdrawal,Successful
14/8/2026 10:47,Branch 05,T00195,Deposit,Successful
14/8/2026 10:48,Branch 05,T00196,Payment,Successful
14/8/2026 10:48,Branch 02,T00197,Transfer,Successful
14/8/2026 10:49,Branch 06,T00198,Transfer,Successful
14/8/2026 10:49,Branch 07,T00199,Payment,Successful
14/8/2026 10:49,Branch 04,T00200,Payment,Successful
14/8/2026 10:49,Branch 03,T00201,Transfer,Successful
14/8/2026 10:50,Branch 07,T00202,Transfer,Successful
14/8/2026 10:50,Branch 02,T00203,Payment,Successful
14/8/2026 10:52,Branch 07,T00204,Transfer,Failed
14/8/2026 10:52,Branch 07,T00205,Payment,Successful
14/8/2026 10:52,Branch 15,T00206,Transfer,Successful
14/8/2026 10:52,Branch 09,T00207,Payment,Failed
14/8/2026 10:52,Branch 03,T00208,Withdrawal,Failed
14/8/2026 10:53,Branch 13,T00209,Transfer,Successful
14/8/2026 10:53,Branch 01,T00210,Payment,Successful
14/8/2026 10:54,Branch 10,T00211,Withdrawal,Successful
14/8/2026 10:54,Branch 13,T00212,Withdrawal,Successful
14/8/2026 10:54,Branch 02,T00213,Payment,Successful
14/8/2026 10:55,Branch 03,T00214,Transfer,Successful
14/8/2026 10:55,Branch 03,T00215,Transfer,Successful
14/8/2026 10:56,Branch 05,T00216,Withdrawal,Successful
14/8/2026 10:59,Branch 14,T00217,Transfer,Successful
14/8/2026 10:59,Branch 03,T00218,Payment,Successful
14/8/2026 10:59,Branch 02,T00219,Transfer,Successful
14/8/2026 10:59,Branch 13,T00220,Transfer,Successful
14/8/2026 11:00,Branch 05,T00221,Payment,Successful
14/8/2026 11:00,Branch 10,T00222,Transfer,Successful
14/8/2026 11:00,Branch 05,T00223,Payment,Successful
14/8/2026 11:01,Branch 06,T00224,Withdrawal,Successful
14/8/2026 11:01,Branch 09,T00225,Deposit,Successful
14/8/2026 11:01,Branch 03,T00226,Payment,Successful
14/8/2026 11:02,Branch 03,T00227,Deposit,Successful
14/8/2026 11:02,Branch 08,T00228,Transfer,Successful
14/8/2026 11:02,Branch 10,T00229,Deposit,Successful
14/8/2026 11:03,Branch 02,T00230,Withdrawal,Successful
14/8/2026 11:03,Branch 07,T00231,Payment,Successful
14/8/2026 11:04,Branch 10,T00232,Transfer,Successful
14/8/2026 11:04,Branch 08,T00233,Withdrawal,Successful
14/8/2026 11:04,Branch 03,T00234,Transfer,Successful
14/8/2026 11:05,Branch 01,T00235,Withdrawal,Successful
14/8/2026 11:05,Branch 06,T00236,Deposit,Successful
14/8/2026 11:06,Branch 13,T00237,Deposit,Successful
14/8/2026 11:06,Branch 01,T00238,Transfer,Successful
14/8/2026 11:06,Branch 13,T00239,Withdrawal,Successful
14/8/2026 11:07,Branch 01,T00240,Transfer,Successful
14/8/2026 11:07,Branch 06,T00241,Transfer,Successful
14/8/2026 11:07,Branch 10,T00242,Transfer,Successful
14/8/2026 11:08,Branch 03,T00243,Deposit,Successful
14/8/2026 11:08,Branch 02,T00244,Transfer,Successful
14/8/2026 11:08,Branch 11,T00245,Withdrawal,Successful
14/8/2026 11:08,Branch 15,T00246,Transfer,Successful
14/8/2026 11:09,Branch 07,T00247,Deposit,Successful
14/8/2026 11:09,Branch 12,T00248,Transfer,Successful
14/8/2026 11:11,Branch 03,T00249,Transfer,Successful
14/8/2026 11:11,Branch 11,T00250,Transfer,Successful
14/8/2026 11:11,Branch 12,T00251,Payment,Successful
14/8/2026 11:11,Branch 05,T00252,Deposit,Successful
14/8/2026 11:12,Branch 12,T00253,Payment,Successful
14/8/2026 11:13,Branch 10,T00254,Transfer,Successful
14/8/2026 11:13,Branch 04,T00255,Payment,Successful
14/8/2026 11:14,Branch 13,T00256,Transfer,Successful
14/8/2026 11:14,Branch 15,T00257,Deposit,Successful
14/8/2026 11:14,Branch 09,T00258,Payment,Successful
14/8/2026 11:15,Branch 02,T00259,Withdrawal,Successful
14/8/2026 11:15,Branch 12,T00260,Deposit,Successful
14/8/2026 11:16,Branch 02,T00261,Transfer,Successful
14/8/2026 11:17,Branch 03,T00262,Payment,Successful
14/8/2026 11:17,Branch 12,T00263,Transfer,Successful
14/8/2026 11:17,Branch 05,T00264,Transfer,Successful
14/8/2026 11:18,Branch 02,T00265,Transfer,Successful
14/8/2026 11:18,Branch 08,T00266,Transfer,Successful
14/8/2026 11:19,Branch 12,T00267,Withdrawal,Successful
14/8/2026 11:19,Branch 12,T00268,Payment,Successful
14/8/2026 11:20,Branch 08,T00269,Deposit,Successful
14/8/2026 11:21,Branch 09,T00270,Payment,Successful
14/8/2026 11:22,Branch 04,T00271,Payment,Successful
14/8/2026 11:22,Branch 07,T00272,Withdrawal,Successful
14/8/2026 11:22,Branch 10,T00273,Payment,Successful
14/8/2026 11:23,Branch 10,T00274,Transfer,Successful
14/8/2026 11:24,Branch 13,T00275,Transfer,Successful
14/8/2026 11:24,Branch 13,T00276,Transfer,Successful
14/8/2026 11:26,Branch 07,T00277,Deposit,Successful
14/8/2026 11:26,Branch 13,T00278,Transfer,Successful
14/8/2026 11:27,Branch 09,T00279,Withdrawal,Successful
14/8/2026 11:27,Branch 08,T00280,Transfer,Successful
14/8/2026 11:28,Branch 15,T00281,Withdrawal,Successful
14/8/2026 11:29,Branch 06,T00282,Transfer,Successful
14/8/2026 11:30,Branch 02,T00283,Transfer,Successful
14/8/2026 11:31,Branch 15,T00284,Deposit,Successful
14/8/2026 11:31,Branch 15,T00285,Deposit,Successful
14/8/2026 11:31,Branch 07,T00286,Transfer,Successful
14/8/2026 11:31,Branch 14,T00287,Withdrawal,Successful
14/8/2026 11:31,Branch 07,T00288,Payment,Successful
14/8/2026 11:31,Branch 02,T00289,Withdrawal,Successful
14/8/2026 11:31,Branch 10,T00290,Transfer,Successful
14/8/2026 11:32,Branch 01,T00291,Payment,Successful
14/8/2026 11:32,Branch 10,T00292,Withdrawal,Successful
14/8/2026 11:32,Branch 02,T00293,Transfer,Successful
14/8/2026 11:33,Branch 12,T00294,Transfer,Successful
14/8/2026 11:33,Branch 06,T00295,Payment,Failed
14/8/2026 11:33,Branch 09,T00296,Deposit,Successful
14/8/2026 11:33,Branch 05,T00297,Withdrawal,Successful
14/8/2026 11:33,Branch 02,T00298,Payment,Successful
14/8/2026 11:34,Branch 13,T00299,Payment,Successful
14/8/2026 11:34,Branch 10,T00300,Transfer,Successful
14/8/2026 11:34,Branch 06,T00301,Transfer,Successful
14/8/2026 11:35,Branch 15,T00302,Transfer,Successful
14/8/2026 11:35,Branch 02,T00303,Transfer,Successful
14/8/2026 11:35,Branch 10,T00304,Deposit,Successful
14/8/2026 11:36,Branch 11,T00305,Payment,Successful
14/8/2026 11:36,Branch 09,T00306,Deposit,Successful
14/8/2026 11:37,Branch 05,T00307,Payment,Successful
14/8/2026 11:38,Branch 07,T00308,Deposit,Successful
14/8/2026 11:39,Branch 13,T00309,Payment,Successful
14/8/2026 11:39,Branch 07,T00310,Transfer,Successful
14/8/2026 11:40,Branch 03,T00311,Transfer,Successful
14/8/2026 11:40,Branch 12,T00312,Withdrawal,Successful
14/8/2026 11:40,Branch 09,T00313,Withdrawal,Successful
14/8/2026 11:40,Branch 06,T00314,Withdrawal,Successful
14/8/2026 11:40,Branch 11,T00315,Payment,Successful
14/8/2026 11:41,Branch 07,T00316,Withdrawal,Successful
14/8/2026 11:41,Branch 10,T00317,Withdrawal,Successful
14/8/2026 11:41,Branch 07,T00318,Transfer,Successful
14/8/2026 11:43,Branch 09,T00319,Payment,Successful
14/8/2026 11:43,Branch 06,T00320,Deposit,Successful
14/8/2026 11:44,Branch 04,T00321,Withdrawal,Successful
14/8/2026 11:45,Branch 15,T00322,Withdrawal,Successful
14/8/2026 11:45,Branch 10,T00323,Transfer,Successful
14/8/2026 11:46,Branch 12,T00324,Deposit,Successful
14/8/2026 11:46,Branch 14,T00325,Deposit,Successful
14/8/2026 11:46,Branch 01,T00326,Withdrawal,Successful
14/8/2026 11:47,Branch 06,T00327,Transfer,Successful
14/8/2026 11:48,Branch 10,T00328,Transfer,Successful
14/8/2026 11:49,Branch 02,T00329,Payment,Successful
14/8/2026 11:49,Branch 05,T00330,Payment,Successful
14/8/2026 11:49,Branch 02,T00331,Deposit,Successful
14/8/2026 11:50,Branch 15,T00332,Transfer,Successful
14/8/2026 11:50,Branch 12,T00333,Withdrawal,Successful
14/8/2026 11:51,Branch 12,T00334,Payment,Successful
14/8/2026 11:52,Branch 10,T00335,Withdrawal,Successful
14/8/2026 11:52,Branch 04,T00336,Deposit,Successful
14/8/2026 11:53,Branch 05,T00337,Transfer,Successful
14/8/2026 11:54,Branch 12,T00338,Payment,Successful
14/8/2026 11:54,Branch 12,T00339,Payment,Successful
14/8/2026 11:54,Branch 03,T00340,Payment,Successful
14/8/2026 11:54,Branch 07,T00341,Transfer,Successful
14/8/2026 11:55,Branch 13,T00342,Transfer,Successful
14/8/2026 11:55,Branch 02,T00343,Withdrawal,Successful
14/8/2026 11:55,Branch 07,T00344,Deposit,Successful
14/8/2026 11:56,Branch 13,T00345,Payment,Successful
14/8/2026 11:56,Branch 11,T00346,Deposit,Successful
14/8/2026 11:56,Branch 02,T00347,Withdrawal,Successful
14/8/2026 11:56,Branch 04,T00348,Transfer,Successful
14/8/2026 11:56,Branch 10,T00349,Payment,Successful
14/8/2026 11:57,Branch 13,T00350,Payment,Successful
14/8/2026 11:58,Branch 05,T00351,Deposit,Successful
14/8/2026 11:58,Branch 01,T00352,Transfer,Successful
14/8/2026 11:59,Branch 05,T00353,Transfer,Successful
14/8/2026 11:59,Branch 07,T00354,Deposit,Successful
14/8/2026 12:00,Branch 09,T00355,Transfer,Successful
14/8/2026 12:00,Branch 08,T00356,Transfer,Successful
14/8/2026 12:00,Branch 11,T00357,Payment,Successful
14/8/2026 12:00,Branch 07,T00358,Transfer,Successful
14/8/2026 12:02,Branch 10,T00359,Transfer,Successful
14/8/2026 12:03,Branch 06,T00360,Transfer,Successful
14/8/2026 12:04,Branch 10,T00361,Transfer,Successful
14/8/2026 12:04,Branch 01,T00362,Deposit,Successful
14/8/2026 12:05,Branch 09,T00363,Withdrawal,Successful
14/8/2026 12:06,Branch 05,T00364,Transfer,Successful
14/8/2026 12:06,Branch 01,T00365,Transfer,Successful
14/8/2026 12:07,Branch 12,T00366,Transfer,Successful
14/8/2026 12:07,Branch 06,T00367,Deposit,Successful
14/8/2026 12:07,Branch 04,T00368,Deposit,Successful
14/8/2026 12:09,Branch 06,T00369,Deposit,Successful
14/8/2026 12:09,Branch 06,T00370,Transfer,Failed
14/8/2026 12:10,Branch 09,T00371,Transfer,Successful
14/8/2026 12:11,Branch 08,T00372,Deposit,Successful
14/8/2026 12:11,Branch 07,T00373,Deposit,Successful
14/8/2026 12:11,Branch 15,T00374,Deposit,Successful
14/8/2026 12:12,Branch 12,T00375,Payment,Successful
14/8/2026 12:12,Branch 15,T00376,Withdrawal,Successful
14/8/2026 12:12,Branch 14,T00377,Transfer,Successful
14/8/2026 12:12,Branch 07,T00378,Transfer,Successful
14/8/2026 12:13,Branch 06,T00379,Deposit,Successful
14/8/2026 12:13,Branch 09,T00380,Payment,Failed
14/8/2026 12:14,Branch 12,T00381,Transfer,Successful
14/8/2026 12:15,Branch 09,T00382,Payment,Successful
14/8/2026 12:15,Branch 08,T00383,Withdrawal,Successful
14/8/2026 12:15,Branch 12,T00384,Payment,Successful
14/8/2026 12:16,Branch 01,T00385,Transfer,Successful
14/8/2026 12:16,Branch 09,T00386,Payment,Successful
14/8/2026 12:17,Branch 03,T00387,Deposit,Failed
14/8/2026 12:17,Branch 02,T00388,Transfer,Successful
14/8/2026 12:17,Branch 03,T00389,Payment,Successful
14/8/2026 12:18,Branch 03,T00390,Transfer,Successful
14/8/2026 12:18,Branch 12,T00391,Deposit,Failed
14/8/2026 12:18,Branch 05,T00392,Payment,Successful
14/8/2026 12:21,Branch 09,T00393,Transfer,Successful
14/8/2026 12:21,Branch 08,T00394,Transfer,Successful
14/8/2026 12:21,Branch 12,T00395,Transfer,Successful
14/8/2026 12:22,Branch 01,T00396,Deposit,Successful
14/8/2026 12:22,Branch 01,T00397,Transfer,Successful
14/8/2026 12:22,Branch 05,T00398,Payment,Successful
14/8/2026 12:23,Branch 05,T00399,Withdrawal,Successful
14/8/2026 12:23,Branch 02,T00400,Withdrawal,Successful
14/8/2026 12:24,Branch 11,T00401,Withdrawal,Successful
14/8/2026 12:24,Branch 04,T00402,Transfer,Successful
14/8/2026 12:25,Branch 08,T00403,Transfer,Successful
14/8/2026 12:28,Branch 03,T00404,Payment,Successful
14/8/2026 12:28,Branch 02,T00405,Deposit,Successful
14/8/2026 12:29,Branch 03,T00406,Payment,Successful
14/8/2026 12:29,Branch 08,T00407,Payment,Successful
14/8/2026 12:30,Branch 01,T00408,Payment,Successful
14/8/2026 12:30,Branch 13,T00409,Transfer,Successful
14/8/2026 12:30,Branch 10,T00410,Payment,Successful
14/8/2026 12:30,Branch 08,T00411,Transfer,Successful
14/8/2026 12:30,Branch 01,T00412,Transfer,Successful
14/8/2026 12:31,Branch 03,T00413,Payment,Successful
14/8/2026 12:31,Branch 12,T00414,Withdrawal,Successful
14/8/2026 12:31,Branch 03,T00415,Withdrawal,Successful
14/8/2026 12:31,Branch 10,T00416,Withdrawal,Successful
14/8/2026 12:32,Branch 14,T00417,Payment,Successful
14/8/2026 12:32,Branch 05,T00418,Withdrawal,Failed
14/8/2026 12:32,Branch 10,T00419,Transfer,Successful
14/8/2026 12:32,Branch 08,T00420,Withdrawal,Successful
14/8/2026 12:33,Branch 02,T00421,Transfer,Successful
14/8/2026 12:33,Branch 02,T00422,Withdrawal,Successful
14/8/2026 12:33,Branch 10,T00423,Withdrawal,Successful
14/8/2026 12:33,Branch 15,T00424,Transfer,Successful
14/8/2026 12:34,Branch 01,T00425,Payment,Successful
14/8/2026 12:34,Branch 11,T00426,Withdrawal,Successful
14/8/2026 12:34,Branch 12,T00427,Payment,Failed
14/8/2026 12:35,Branch 02,T00428,Transfer,Successful
14/8/2026 12:35,Branch 02,T00429,Withdrawal,Successful
14/8/2026 12:36,Branch 01,T00430,Transfer,Successful
14/8/2026 12:36,Branch 12,T00431,Transfer,Successful
14/8/2026 12:36,Branch 07,T00432,Withdrawal,Successful
14/8/2026 12:36,Branch 06,T00433,Withdrawal,Successful
14/8/2026 12:39,Branch 15,T00434,Payment,Successful
14/8/2026 12:39,Branch 02,T00435,Transfer,Successful
14/8/2026 12:40,Branch 12,T00436,Deposit,Successful
14/8/2026 12:41,Branch 09,T00437,Payment,Successful
14/8/2026 12:41,Branch 09,T00438,Payment,Successful
14/8/2026 12:42,Branch 01,T00439,Transfer,Successful
14/8/2026 12:42,Branch 11,T00440,Payment,Successful
14/8/2026 12:42,Branch 06,T00441,Withdrawal,Failed
14/8/2026 12:43,Branch 15,T00442,Transfer,Successful
14/8/2026 12:44,Branch 06,T00443,Deposit,Successful
14/8/2026 12:44,Branch 04,T00444,Payment,Successful
14/8/2026 12:44,Branch 08,T00445,Transfer,Successful
14/8/2026 12:45,Branch 01,T00446,Deposit,Failed
14/8/2026 12:45,Branch 03,T00447,Transfer,Successful
14/8/2026 12:45,Branch 07,T00448,Transfer,Successful
14/8/2026 12:45,Branch 04,T00449,Payment,Successful
14/8/2026 12:45,Branch 03,T00450,Withdrawal,Successful
14/8/2026 12:45,Branch 15,T00451,Transfer,Successful
14/8/2026 12:46,Branch 06,T00452,Deposit,Successful
14/8/2026 12:47,Branch 14,T00453,Transfer,Successful
14/8/2026 12:47,Branch 12,T00454,Payment,Successful
14/8/2026 12:47,Branch 07,T00455,Payment,Successful
14/8/2026 12:47,Branch 04,T00456,Payment,Successful
14/8/2026 12:48,Branch 02,T00457,Withdrawal,Successful
14/8/2026 12:48,Branch 12,T00458,Withdrawal,Successful
14/8/2026 12:48,Branch 04,T00459,Transfer,Successful
14/8/2026 12:48,Branch 03,T00460,Payment,Successful
14/8/2026 12:49,Branch 15,T00461,Payment,Successful
14/8/2026 12:50,Branch 06,T00462,Transfer,Successful
14/8/2026 12:50,Branch 07,T00463,Payment,Successful
14/8/2026 12:52,Branch 10,T00464,Deposit,Successful
14/8/2026 12:53,Branch 01,T00465,Deposit,Successful
14/8/2026 12:54,Branch 02,T00466,Transfer,Successful
14/8/2026 12:54,Branch 05,T00467,Payment,Successful
14/8/2026 12:54,Branch 04,T00468,Transfer,Successful
14/8/2026 12:54,Branch 10,T00469,Withdrawal,Failed
14/8/2026 12:54,Branch 12,T00470,Payment,Successful
14/8/2026 12:55,Branch 10,T00471,Payment,Successful
14/8/2026 12:55,Branch 12,T00472,Withdrawal,Successful
14/8/2026 12:56,Branch 03,T00473,Deposit,Successful
14/8/2026 12:56,Branch 12,T00474,Deposit,Successful
14/8/2026 12:56,Branch 01,T00475,Withdrawal,Successful
14/8/2026 12:56,Branch 03,T00476,Payment,Successful
14/8/2026 12:56,Branch 04,T00477,Withdrawal,Successful
14/8/2026 12:57,Branch 13,T00478,Transfer,Successful
14/8/2026 12:59,Branch 02,T00479,Payment,Successful
14/8/2026 12:59,Branch 04,T00480,Withdrawal,Successful
14/8/2026 12:59,Branch 02,T00481,Deposit,Failed
14/8/2026 13:00,Branch 03,T00482,Payment,Successful
14/8/2026 13:00,Branch 08,T00483,Payment,Successful
14/8/2026 13:00,Branch 09,T00484,Payment,Failed
14/8/2026 13:01,Branch 10,T00485,Transfer,Successful
14/8/2026 13:01,Branch 13,T00486,Payment,Successful
14/8/2026 13:02,Branch 08,T00487,Transfer,Successful
14/8/2026 13:02,Branch 13,T00488,Transfer,Successful
14/8/2026 13:02,Branch 02,T00489,Payment,Successful
14/8/2026 13:02,Branch 02,T00490,Payment,Successful
14/8/2026 13:03,Branch 07,T00491,Deposit,Successful
14/8/2026 13:03,Branch 13,T00492,Transfer,Successful
14/8/2026 13:03,Branch 09,T00493,Transfer,Successful
14/8/2026 13:04,Branch 05,T00494,Deposit,Successful
14/8/2026 13:04,Branch 12,T00495,Withdrawal,Failed
14/8/2026 13:04,Branch 14,T00496,Transfer,Successful
14/8/2026 13:04,Branch 03,T00497,Payment,Successful
14/8/2026 13:05,Branch 07,T00498,Payment,Successful
14/8/2026 13:05,Branch 08,T00499,Payment,Successful
14/8/2026 13:05,Branch 06,T00500,Withdrawal,Successful
14/8/2026 13:06,Branch 04,T00501,Payment,Successful
14/8/2026 13:08,Branch 03,T00502,Withdrawal,Successful
14/8/2026 13:09,Branch 09,T00503,Transfer,Successful
14/8/2026 13:09,Branch 05,T00504,Payment,Successful
14/8/2026 13:11,Branch 13,T00505,Deposit,Successful
14/8/2026 13:11,Branch 05,T00506,Payment,Successful
14/8/2026 13:11,Branch 03,T00507,Payment,Failed
14/8/2026 13:11,Branch 03,T00508,Payment,Successful
14/8/2026 13:11,Branch 12,T00509,Transfer,Successful
14/8/2026 13:12,Branch 14,T00510,Payment,Failed
14/8/2026 13:14,Branch 09,T00511,Transfer,Successful
14/8/2026 13:15,Branch 06,T00512,Payment,Successful
14/8/2026 13:15,Branch 05,T00513,Transfer,Successful
14/8/2026 13:17,Branch 03,T00514,Payment,Successful
14/8/2026 13:17,Branch 03,T00515,Payment,Successful
14/8/2026 13:17,Branch 02,T00516,Withdrawal,Successful
14/8/2026 13:18,Branch 09,T00517,Transfer,Successful
14/8/2026 13:18,Branch 09,T00518,Transfer,Failed
14/8/2026 13:18,Branch 15,T00519,Transfer,Successful
14/8/2026 13:18,Branch 04,T00520,Payment,Successful
14/8/2026 13:18,Branch 03,T00521,Payment,Failed
14/8/2026 13:18,Branch 07,T00522,Deposit,Successful
14/8/2026 13:18,Branch 06,T00523,Transfer,Successful
14/8/2026 13:19,Branch 01,T00524,Payment,Failed
14/8/2026 13:20,Branch 01,T00525,Transfer,Successful
14/8/2026 13:20,Branch 03,T00526,Deposit,Successful
14/8/2026 13:20,Branch 04,T00527,Payment,Successful
14/8/2026 13:20,Branch 13,T00528,Payment,Successful
14/8/2026 13:21,Branch 01,T00529,Payment,Successful
14/8/2026 13:22,Branch 13,T00530,Withdrawal,Successful
14/8/2026 13:22,Branch 07,T00531,Transfer,Successful
14/8/2026 13:23,Branch 04,T00532,Transfer,Successful
14/8/2026 13:24,Branch 15,T00533,Transfer,Successful
14/8/2026 13:24,Branch 09,T00534,Deposit,Failed
14/8/2026 13:24,Branch 12,T00535,Transfer,Successful
14/8/2026 13:25,Branch 08,T00536,Payment,Successful
14/8/2026 13:25,Branch 09,T00537,Withdrawal,Successful
14/8/2026 13:26,Branch 02,T00538,Transfer,Successful
14/8/2026 13:26,Branch 14,T00539,Transfer,Successful
14/8/2026 13:27,Branch 10,T00540,Transfer,Successful
14/8/2026 13:28,Branch 01,T00541,Withdrawal,Successful
14/8/2026 13:28,Branch 09,T00542,Withdrawal,Successful
14/8/2026 13:29,Branch 07,T00543,Payment,Successful
14/8/2026 13:30,Branch 09,T00544,Payment,Successful
14/8/2026 13:31,Branch 03,T00545,Payment,Successful
14/8/2026 13:33,Branch 10,T00546,Deposit,Successful
14/8/2026 13:33,Branch 05,T00547,Payment,Successful
14/8/2026 13:33,Branch 03,T00548,Withdrawal,Successful
14/8/2026 13:33,Branch 11,T00549,Payment,Successful
14/8/2026 13:34,Branch 10,T00550,Transfer,Successful
14/8/2026 13:36,Branch 09,T00551,Payment,Successful
14/8/2026 13:36,Branch 07,T00552,Deposit,Successful
14/8/2026 13:36,Branch 01,T00553,Transfer,Successful
14/8/2026 13:38,Branch 06,T00554,Transfer,Successful
14/8/2026 13:39,Branch 10,T00555,Deposit,Successful
14/8/2026 13:39,Branch 10,T00556,Payment,Successful
14/8/2026 13:40,Branch 01,T00557,Transfer,Successful
14/8/2026 13:41,Branch 02,T00558,Transfer,Successful
14/8/2026 13:41,Branch 10,T00559,Transfer,Successful
14/8/2026 13:41,Branch 02,T00560,Transfer,Successful
14/8/2026 13:41,Branch 07,T00561,Transfer,Failed
14/8/2026 13:42,Branch 06,T00562,Transfer,Successful
14/8/2026 13:42,Branch 02,T00563,Transfer,Successful
14/8/2026 13:42,Branch 01,T00564,Transfer,Successful
14/8/2026 13:43,Branch 10,T00565,Transfer,Successful
14/8/2026 13:43,Branch 14,T00566,Deposit,Successful
14/8/2026 13:44,Branch 09,T00567,Deposit,Successful
14/8/2026 13:44,Branch 03,T00568,Transfer,Successful
14/8/2026 13:44,Branch 06,T00569,Transfer,Successful
14/8/2026 13:45,Branch 02,T00570,Transfer,Successful
14/8/2026 13:46,Branch 05,T00571,Payment,Successful
14/8/2026 13:46,Branch 09,T00572,Withdrawal,Successful
14/8/2026 13:48,Branch 12,T00573,Transfer,Failed
14/8/2026 13:48,Branch 07,T00574,Transfer,Successful
14/8/2026 13:48,Branch 10,T00575,Withdrawal,Successful
14/8/2026 13:48,Branch 09,T00576,Deposit,Successful
14/8/2026 13:49,Branch 05,T00577,Transfer,Failed
14/8/2026 13:49,Branch 07,T00578,Transfer,Successful
14/8/2026 13:49,Branch 10,T00579,Payment,Failed
14/8/2026 13:50,Branch 02,T00580,Payment,Successful
14/8/2026 13:50,Branch 09,T00581,Payment,Successful
14/8/2026 13:51,Branch 08,T00582,Deposit,Successful
14/8/2026 13:51,Branch 07,T00583,Deposit,Successful
14/8/2026 13:52,Branch 07,T00584,Transfer,Successful
14/8/2026 13:52,Branch 07,T00585,Deposit,Successful
14/8/2026 13:53,Branch 04,T00586,Withdrawal,Successful
14/8/2026 13:53,Branch 08,T00587,Withdrawal,Successful
14/8/2026 13:53,Branch 07,T00588,Payment,Successful
14/8/2026 13:53,Branch 05,T00589,Payment,Successful
14/8/2026 13:54,Branch 11,T00590,Transfer,Failed
14/8/2026 13:54,Branch 03,T00591,Transfer,Successful
14/8/2026 13:54,Branch 15,T00592,Withdrawal,Successful
14/8/2026 13:55,Branch 04,T00593,Payment,Failed
14/8/2026 13:55,Branch 02,T00594,Transfer,Successful
14/8/2026 13:55,Branch 12,T00595,Payment,Successful
14/8/2026 13:56,Branch 14,T00596,Deposit,Successful
14/8/2026 13:56,Branch 10,T00597,Withdrawal,Successful
14/8/2026 13:57,Branch 13,T00598,Payment,Successful
14/8/2026 13:58,Branch 08,T00599,Payment,Successful
14/8/2026 13:58,Branch 14,T00600,Payment,Successful
14/8/2026 13:58,Branch 15,T00601,Payment,Successful
14/8/2026 13:59,Branch 10,T00602,Transfer,Successful
14/8/2026 13:59,Branch 09,T00603,Withdrawal,Successful
14/8/2026 13:59,Branch 04,T00604,Transfer,Successful
14/8/2026 14:00,Branch 10,T00605,Withdrawal,Successful
14/8/2026 14:00,Branch 12,T00606,Transfer,Successful
14/8/2026 14:00,Branch 05,T00607,Transfer,Successful
14/8/2026 14:01,Branch 01,T00608,Payment,Successful
14/8/2026 14:01,Branch 01,T00609,Transfer,Successful
14/8/2026 14:01,Branch 07,T00610,Withdrawal,Successful
14/8/2026 14:01,Branch 13,T00611,Transfer,Successful
14/8/2026 14:02,Branch 10,T00612,Withdrawal,Successful
14/8/2026 14:02,Branch 13,T00613,Payment,Successful
14/8/2026 14:03,Branch 07,T00614,Withdrawal,Successful
14/8/2026 14:04,Branch 05,T00615,Payment,Successful
14/8/2026 14:04,Branch 12,T00616,Payment,Successful
14/8/2026 14:05,Branch 01,T00617,Payment,Successful
14/8/2026 14:08,Branch 13,T00618,Transfer,Successful
14/8/2026 14:08,Branch 14,T00619,Transfer,Successful
14/8/2026 14:08,Branch 12,T00620,Payment,Successful
14/8/2026 14:08,Branch 12,T00621,Deposit,Successful
14/8/2026 14:08,Branch 02,T00622,Transfer,Successful
14/8/2026 14:09,Branch 07,T00623,Payment,Successful
14/8/2026 14:10,Branch 12,T00624,Transfer,Successful
14/8/2026 14:10,Branch 07,T00625,Payment,Successful
14/8/2026 14:11,Branch 12,T00626,Payment,Successful
14/8/2026 14:11,Branch 10,T00627,Deposit,Failed
14/8/2026 14:12,Branch 03,T00628,Payment,Successful
14/8/2026 14:12,Branch 06,T00629,Transfer,Successful
14/8/2026 14:12,Branch 10,T00630,Withdrawal,Successful
14/8/2026 14:13,Branch 13,T00631,Payment,Successful
14/8/2026 14:14,Branch 11,T00632,Payment,Successful
14/8/2026 14:14,Branch 04,T00633,Payment,Successful
14/8/2026 14:14,Branch 09,T00634,Withdrawal,Successful
14/8/2026 14:15,Branch 12,T00635,Payment,Successful
14/8/2026 14:15,Branch 04,T00636,Transfer,Successful
14/8/2026 14:15,Branch 10,T00637,Deposit,Successful
14/8/2026 14:16,Branch 06,T00638,Payment,Successful
14/8/2026 14:16,Branch 04,T00639,Payment,Successful
14/8/2026 14:16,Branch 07,T00640,Deposit,Successful
14/8/2026 14:16,Branch 10,T00641,Withdrawal,Successful
14/8/2026 14:16,Branch 13,T00642,Deposit,Successful
14/8/2026 14:17,Branch 10,T00643,Payment,Successful
14/8/2026 14:18,Branch 07,T00644,Deposit,Successful
14/8/2026 14:19,Branch 09,T00645,Transfer,Successful
14/8/2026 14:19,Branch 06,T00646,Transfer,Successful
14/8/2026 14:20,Branch 03,T00647,Deposit,Successful
14/8/2026 14:22,Branch 01,T00648,Transfer,Successful
14/8/2026 14:22,Branch 06,T00649,Transfer,Successful
14/8/2026 14:22,Branch 03,T00650,Deposit,Successful
14/8/2026 14:22,Branch 01,T00651,Transfer,Successful
14/8/2026 14:22,Branch 08,T00652,Transfer,Successful
14/8/2026 14:23,Branch 09,T00653,Withdrawal,Successful
14/8/2026 14:23,Branch 05,T00654,Transfer,Successful
14/8/2026 14:24,Branch 12,T00655,Transfer,Successful
14/8/2026 14:26,Branch 10,T00656,Payment,Successful
14/8/2026 14:27,Branch 01,T00657,Transfer,Successful
14/8/2026 14:27,Branch 12,T00658,Deposit,Successful
14/8/2026 14:27,Branch 13,T00659,Transfer,Successful
14/8/2026 14:27,Branch 15,T00660,Transfer,Successful
14/8/2026 14:27,Branch 08,T00661,Deposit,Successful
14/8/2026 14:27,Branch 14,T00662,Withdrawal,Successful
14/8/2026 14:28,Branch 07,T00663,Payment,Successful
14/8/2026 14:28,Branch 07,T00664,Payment,Successful
14/8/2026 14:28,Branch 14,T00665,Transfer,Failed
14/8/2026 14:28,Branch 09,T00666,Deposit,Successful
14/8/2026 14:29,Branch 06,T00667,Withdrawal,Successful
14/8/2026 14:29,Branch 15,T00668,Transfer,Successful
14/8/2026 14:29,Branch 05,T00669,Transfer,Successful
14/8/2026 14:30,Branch 12,T00670,Payment,Successful
14/8/2026 14:30,Branch 14,T00671,Transfer,Successful
14/8/2026 14:30,Branch 01,T00672,Payment,Successful
14/8/2026 14:30,Branch 01,T00673,Payment,Successful
14/8/2026 14:30,Branch 01,T00674,Transfer,Successful
14/8/2026 14:30,Branch 15,T00675,Transfer,Successful
14/8/2026 14:31,Branch 14,T00676,Payment,Successful
14/8/2026 14:31,Branch 10,T00677,Transfer,Successful
14/8/2026 14:31,Branch 10,T00678,Transfer,Successful
14/8/2026 14:31,Branch 01,T00679,Withdrawal,Successful
14/8/2026 14:31,Branch 11,T00680,Withdrawal,Successful
14/8/2026 14:31,Branch 06,T00681,Withdrawal,Successful
14/8/2026 14:32,Branch 02,T00682,Transfer,Successful
14/8/2026 14:32,Branch 07,T00683,Withdrawal,Failed
14/8/2026 14:33,Branch 07,T00684,Transfer,Successful
14/8/2026 14:33,Branch 03,T00685,Payment,Successful
14/8/2026 14:34,Branch 03,T00686,Payment,Failed
14/8/2026 14:34,Branch 02,T00687,Withdrawal,Successful
14/8/2026 14:35,Branch 13,T00688,Deposit,Successful
14/8/2026 14:35,Branch 01,T00689,Payment,Successful
14/8/2026 14:35,Branch 11,T00690,Transfer,Successful
14/8/2026 14:36,Branch 03,T00691,Payment,Failed
14/8/2026 14:36,Branch 06,T00692,Payment,Successful
14/8/2026 14:37,Branch 10,T00693,Transfer,Successful
14/8/2026 14:37,Branch 13,T00694,Withdrawal,Successful
14/8/2026 14:37,Branch 11,T00695,Deposit,Successful
14/8/2026 14:38,Branch 04,T00696,Transfer,Successful
14/8/2026 14:38,Branch 10,T00697,Payment,Successful
14/8/2026 14:39,Branch 05,T00698,Transfer,Successful
14/8/2026 14:39,Branch 05,T00699,Deposit,Successful
14/8/2026 14:39,Branch 10,T00700,Transfer,Successful
14/8/2026 14:40,Branch 03,T00701,Transfer,Successful
14/8/2026 14:41,Branch 07,T00702,Transfer,Successful
14/8/2026 14:41,Branch 10,T00703,Withdrawal,Successful
14/8/2026 14:41,Branch 10,T00704,Transfer,Failed
14/8/2026 14:42,Branch 07,T00705,Payment,Successful
14/8/2026 14:43,Branch 05,T00706,Transfer,Successful
14/8/2026 14:43,Branch 07,T00707,Payment,Successful
14/8/2026 14:43,Branch 11,T00708,Transfer,Failed
14/8/2026 14:43,Branch 05,T00709,Payment,Successful
14/8/2026 14:45,Branch 13,T00710,Deposit,Failed
14/8/2026 14:45,Branch 08,T00711,Payment,Successful
14/8/2026 14:46,Branch 09,T00712,Transfer,Successful
14/8/2026 14:46,Branch 01,T00713,Deposit,Successful
14/8/2026 14:46,Branch 14,T00714,Deposit,Successful
14/8/2026 14:46,Branch 14,T00715,Payment,Successful
14/8/2026 14:47,Branch 15,T00716,Transfer,Successful
14/8/2026 14:47,Branch 14,T00717,Withdrawal,Successful
14/8/2026 14:47,Branch 09,T00718,Withdrawal,Successful
14/8/2026 14:48,Branch 10,T00719,Transfer,Successful
14/8/2026 14:48,Branch 05,T00720,Transfer,Successful
14/8/2026 14:49,Branch 03,T00721,Transfer,Successful
14/8/2026 14:49,Branch 10,T00722,Withdrawal,Successful
14/8/2026 14:49,Branch 02,T00723,Transfer,Successful
14/8/2026 14:49,Branch 03,T00724,Payment,Successful
14/8/2026 14:50,Branch 04,T00725,Transfer,Successful
14/8/2026 14:50,Branch 13,T00726,Transfer,Successful
14/8/2026 14:50,Branch 12,T00727,Payment,Successful
14/8/2026 14:51,Branch 14,T00728,Deposit,Successful
14/8/2026 14:52,Branch 13,T00729,Deposit,Successful
14/8/2026 14:52,Branch 07,T00730,Transfer,Successful
14/8/2026 14:52,Branch 01,T00731,Withdrawal,Successful
14/8/2026 14:52,Branch 05,T00732,Withdrawal,Successful
14/8/2026 14:53,Branch 02,T00733,Transfer,Successful
14/8/2026 14:54,Branch 05,T00734,Payment,Successful
14/8/2026 14:55,Branch 07,T00735,Transfer,Successful
14/8/2026 14:55,Branch 13,T00736,Withdrawal,Successful
14/8/2026 14:56,Branch 04,T00737,Payment,Successful
14/8/2026 14:56,Branch 10,T00738,Transfer,Successful
14/8/2026 14:56,Branch 09,T00739,Payment,Successful
14/8/2026 14:56,Branch 07,T00740,Deposit,Successful
14/8/2026 14:56,Branch 02,T00741,Transfer,Successful
14/8/2026 14:56,Branch 10,T00742,Withdrawal,Successful
14/8/2026 14:57,Branch 14,T00743,Transfer,Successful
14/8/2026 14:58,Branch 03,T00744,Withdrawal,Successful
14/8/2026 14:58,Branch 06,T00745,Payment,Successful
14/8/2026 14:59,Branch 03,T00746,Deposit,Failed
14/8/2026 14:59,Branch 02,T00747,Transfer,Successful
14/8/2026 15:00,Branch 06,T00748,Deposit,Successful
14/8/2026 15:00,Branch 07,T00749,Payment,Successful
14/8/2026 15:00,Branch 04,T00750,Transfer,Successful
14/8/2026 15:00,Branch 06,T00751,Transfer,Successful
14/8/2026 15:00,Branch 01,T00752,Payment,Successful
14/8/2026 15:01,Branch 11,T00753,Payment,Successful
14/8/2026 15:01,Branch 08,T00754,Transfer,Successful
14/8/2026 15:03,Branch 06,T00755,Transfer,Failed
14/8/2026 15:03,Branch 15,T00756,Transfer,Successful
14/8/2026 15:04,Branch 09,T00757,Payment,Successful
14/8/2026 15:04,Branch 07,T00758,Transfer,Successful
14/8/2026 15:05,Branch 10,T00759,Deposit,Successful
14/8/2026 15:05,Branch 10,T00760,Payment,Successful
14/8/2026 15:05,Branch 07,T00761,Payment,Successful
14/8/2026 15:05,Branch 05,T00762,Transfer,Failed
14/8/2026 15:05,Branch 10,T00763,Transfer,Successful
14/8/2026 15:06,Branch 02,T00764,Payment,Successful
14/8/2026 15:07,Branch 12,T00765,Transfer,Successful
14/8/2026 15:08,Branch 01,T00766,Withdrawal,Successful
14/8/2026 15:08,Branch 15,T00767,Payment,Successful
14/8/2026 15:08,Branch 07,T00768,Payment,Successful
14/8/2026 15:08,Branch 10,T00769,Transfer,Successful
14/8/2026 15:10,Branch 14,T00770,Deposit,Successful
14/8/2026 15:10,Branch 08,T00771,Withdrawal,Successful
14/8/2026 15:10,Branch 15,T00772,Payment,Successful
14/8/2026 15:10,Branch 03,T00773,Transfer,Successful
14/8/2026 15:12,Branch 14,T00774,Payment,Successful
14/8/2026 15:12,Branch 03,T00775,Transfer,Successful
14/8/2026 15:12,Branch 09,T00776,Transfer,Successful
14/8/2026 15:12,Branch 10,T00777,Transfer,Successful
14/8/2026 15:13,Branch 03,T00778,Withdrawal,Successful
14/8/2026 15:14,Branch 10,T00779,Payment,Failed
14/8/2026 15:14,Branch 12,T00780,Payment,Successful
14/8/2026 15:14,Branch 04,T00781,Payment,Successful
14/8/2026 15:14,Branch 08,T00782,Payment,Successful
14/8/2026 15:16,Branch 09,T00783,Transfer,Successful
14/8/2026 15:16,Branch 05,T00784,Transfer,Successful
14/8/2026 15:17,Branch 10,T00785,Payment,Successful
14/8/2026 15:17,Branch 08,T00786,Transfer,Successful
14/8/2026 15:18,Branch 02,T00787,Payment,Failed
14/8/2026 15:18,Branch 12,T00788,Deposit,Successful
14/8/2026 15:18,Branch 14,T00789,Transfer,Successful
14/8/2026 15:19,Branch 11,T00790,Payment,Successful
14/8/2026 15:19,Branch 09,T00791,Deposit,Successful
14/8/2026 15:19,Branch 03,T00792,Transfer,Successful
14/8/2026 15:19,Branch 15,T00793,Transfer,Successful
14/8/2026 15:21,Branch 09,T00794,Transfer,Successful
14/8/2026 15:21,Branch 01,T00795,Withdrawal,Successful
14/8/2026 15:21,Branch 05,T00796,Payment,Successful
14/8/2026 15:21,Branch 04,T00797,Payment,Successful
14/8/2026 15:22,Branch 09,T00798,Withdrawal,Successful
14/8/2026 15:22,Branch 07,T00799,Deposit,Successful
14/8/2026 15:22,Branch 01,T00800,Deposit,Successful
14/8/2026 15:22,Branch 08,T00801,Deposit,Successful
14/8/2026 15:22,Branch 02,T00802,Withdrawal,Successful
14/8/2026 15:23,Branch 01,T00803,Payment,Successful
14/8/2026 15:23,Branch 13,T00804,Payment,Successful
14/8/2026 15:23,Branch 10,T00805,Transfer,Successful
14/8/2026 15:24,Branch 13,T00806,Transfer,Successful
14/8/2026 15:25,Branch 06,T00807,Payment,Successful
14/8/2026 15:26,Branch 10,T00808,Payment,Successful
14/8/2026 15:28,Branch 13,T00809,Payment,Successful
14/8/2026 15:28,Branch 03,T00810,Withdrawal,Successful
14/8/2026 15:29,Branch 04,T00811,Transfer,Successful
14/8/2026 15:29,Branch 03,T00812,Transfer,Successful
14/8/2026 15:30,Branch 09,T00813,Transfer,Successful
14/8/2026 15:30,Branch 09,T00814,Payment,Successful
14/8/2026 15:30,Branch 02,T00815,Withdrawal,Successful
14/8/2026 15:30,Branch 15,T00816,Payment,Failed
14/8/2026 15:30,Branch 10,T00817,Deposit,Successful
14/8/2026 15:31,Branch 07,T00818,Payment,Successful
14/8/2026 15:31,Branch 12,T00819,Deposit,Successful
14/8/2026 15:31,Branch 07,T00820,Withdrawal,Successful
14/8/2026 15:32,Branch 02,T00821,Withdrawal,Successful
14/8/2026 15:32,Branch 15,T00822,Deposit,Successful
14/8/2026 15:32,Branch 09,T00823,Deposit,Successful
14/8/2026 15:33,Branch 11,T00824,Transfer,Successful
14/8/2026 15:34,Branch 10,T00825,Deposit,Successful
14/8/2026 15:34,Branch 07,T00826,Withdrawal,Successful
14/8/2026 15:34,Branch 02,T00827,Withdrawal,Successful
14/8/2026 15:35,Branch 03,T00828,Payment,Successful
14/8/2026 15:35,Branch 07,T00829,Deposit,Successful
14/8/2026 15:36,Branch 01,T00830,Transfer,Successful
14/8/2026 15:37,Branch 03,T00831,Transfer,Successful
14/8/2026 15:37,Branch 01,T00832,Transfer,Successful
14/8/2026 15:37,Branch 15,T00833,Transfer,Successful
14/8/2026 15:38,Branch 01,T00834,Payment,Successful
14/8/2026 15:40,Branch 01,T00835,Transfer,Successful
14/8/2026 15:40,Branch 09,T00836,Transfer,Failed
14/8/2026 15:42,Branch 10,T00837,Deposit,Successful
14/8/2026 15:42,Branch 05,T00838,Payment,Successful
14/8/2026 15:44,Branch 07,T00839,Deposit,Successful
14/8/2026 15:44,Branch 06,T00840,Payment,Successful
14/8/2026 15:45,Branch 03,T00841,Withdrawal,Successful
14/8/2026 15:45,Branch 11,T00842,Payment,Successful
14/8/2026 15:46,Branch 12,T00843,Withdrawal,Successful
14/8/2026 15:47,Branch 09,T00844,Withdrawal,Successful
14/8/2026 15:47,Branch 02,T00845,Transfer,Successful
14/8/2026 15:48,Branch 10,T00846,Transfer,Successful
14/8/2026 15:48,Branch 08,T00847,Payment,Successful
14/8/2026 15:49,Branch 09,T00848,Withdrawal,Successful
14/8/2026 15:49,Branch 10,T00849,Transfer,Failed
14/8/2026 15:49,Branch 14,T00850,Deposit,Successful
14/8/2026 15:49,Branch 13,T00851,Payment,Successful
14/8/2026 15:49,Branch 08,T00852,Withdrawal,Successful
14/8/2026 15:51,Branch 04,T00853,Withdrawal,Successful
14/8/2026 15:51,Branch 07,T00854,Payment,Successful
14/8/2026 15:52,Branch 02,T00855,Withdrawal,Successful
14/8/2026 15:52,Branch 02,T00856,Deposit,Successful
14/8/2026 15:52,Branch 10,T00857,Transfer,Successful
14/8/2026 15:52,Branch 14,T00858,Deposit,Successful
14/8/2026 15:52,Branch 10,T00859,Payment,Successful
14/8/2026 15:53,Branch 11,T00860,Withdrawal,Successful
14/8/2026 15:53,Branch 15,T00861,Transfer,Successful
14/8/2026 15:53,Branch 06,T00862,Payment,Successful
14/8/2026 15:53,Branch 08,T00863,Deposit,Successful
14/8/2026 15:53,Branch 13,T00864,Transfer,Successful
14/8/2026 15:53,Branch 08,T00865,Withdrawal,Successful
14/8/2026 15:54,Branch 08,T00866,Payment,Successful
14/8/2026 15:54,Branch 15,T00867,Withdrawal,Successful
14/8/2026 15:55,Branch 09,T00868,Payment,Successful
14/8/2026 15:55,Branch 13,T00869,Payment,Successful
14/8/2026 15:56,Branch 09,T00870,Payment,Successful
14/8/2026 15:56,Branch 03,T00871,Payment,Successful
14/8/2026 15:56,Branch 08,T00872,Withdrawal,Successful
14/8/2026 15:57,Branch 06,T00873,Payment,Successful
14/8/2026 15:57,Branch 07,T00874,Transfer,Successful
14/8/2026 15:57,Branch 14,T00875,Withdrawal,Successful
14/8/2026 15:58,Branch 01,T00876,Transfer,Successful
14/8/2026 15:58,Branch 05,T00877,Payment,Successful
14/8/2026 16:00,Branch 04,T00878,Transfer,Successful
14/8/2026 16:00,Branch 13,T00879,Transfer,Successful
14/8/2026 16:01,Branch 03,T00880,Transfer,Successful
14/8/2026 16:01,Branch 08,T00881,Payment,Successful
14/8/2026 16:01,Branch 14,T00882,Transfer,Successful
14/8/2026 16:02,Branch 04,T00883,Withdrawal,Successful
14/8/2026 16:05,Branch 09,T00884,Payment,Successful
14/8/2026 16:05,Branch 03,T00885,Deposit,Successful
14/8/2026 16:05,Branch 12,T00886,Payment,Successful
14/8/2026 16:06,Branch 13,T00887,Transfer,Successful
14/8/2026 16:06,Branch 07,T00888,Deposit,Successful
14/8/2026 16:06,Branch 06,T00889,Payment,Successful
14/8/2026 16:07,Branch 05,T00890,Payment,Successful
14/8/2026 16:07,Branch 10,T00891,Withdrawal,Successful
14/8/2026 16:07,Branch 13,T00892,Transfer,Successful
14/8/2026 16:08,Branch 12,T00893,Transfer,Successful
14/8/2026 16:08,Branch 07,T00894,Withdrawal,Successful
14/8/2026 16:09,Branch 09,T00895,Payment,Successful
14/8/2026 16:10,Branch 07,T00896,Transfer,Failed
14/8/2026 16:10,Branch 06,T00897,Payment,Successful
14/8/2026 16:11,Branch 05,T00898,Deposit,Successful
14/8/2026 16:12,Branch 02,T00899,Payment,Successful
14/8/2026 16:12,Branch 03,T00900,Deposit,Successful
14/8/2026 16:12,Branch 03,T00901,Withdrawal,Successful
14/8/2026 16:13,Branch 06,T00902,Transfer,Successful
14/8/2026 16:14,Branch 10,T00903,Withdrawal,Successful
14/8/2026 16:14,Branch 13,T00904,Payment,Successful
14/8/2026 16:15,Branch 13,T00905,Transfer,Successful
14/8/2026 16:15,Branch 15,T00906,Transfer,Successful
14/8/2026 16:16,Branch 10,T00907,Transfer,Successful
14/8/2026 16:16,Branch 02,T00908,Payment,Successful
14/8/2026 16:18,Branch 02,T00909,Payment,Successful
14/8/2026 16:18,Branch 06,T00910,Transfer,Successful
14/8/2026 16:19,Branch 14,T00911,Payment,Successful
14/8/2026 16:19,Branch 11,T00912,Transfer,Successful
14/8/2026 16:20,Branch 02,T00913,Payment,Successful
14/8/2026 16:20,Branch 08,T00914,Withdrawal,Successful
14/8/2026 16:23,Branch 02,T00915,Withdrawal,Successful
14/8/2026 16:23,Branch 09,T00916,Payment,Successful
14/8/2026 16:23,Branch 03,T00917,Transfer,Successful
14/8/2026 16:24,Branch 02,T00918,Payment,Successful
14/8/2026 16:24,Branch 07,T00919,Payment,Successful
14/8/2026 16:24,Branch 11,T00920,Payment,Successful
14/8/2026 16:25,Branch 15,T00921,Transfer,Successful
14/8/2026 16:25,Branch 12,T00922,Payment,Successful
14/8/2026 16:26,Branch 04,T00923,Transfer,Successful
14/8/2026 16:27,Branch 15,T00924,Payment,Successful
14/8/2026 16:27,Branch 01,T00925,Withdrawal,Successful
14/8/2026 16:28,Branch 15,T00926,Withdrawal,Successful
14/8/2026 16:28,Branch 03,T00927,Transfer,Successful
14/8/2026 16:29,Branch 12,T00928,Deposit,Successful
14/8/2026 16:30,Branch 10,T00929,Transfer,Successful
14/8/2026 16:30,Branch 13,T00930,Transfer,Successful
14/8/2026 16:30,Branch 10,T00931,Transfer,Failed
14/8/2026 16:30,Branch 07,T00932,Transfer,Successful
14/8/2026 16:31,Branch 11,T00933,Payment,Successful
14/8/2026 16:31,Branch 06,T00934,Deposit,Successful
14/8/2026 16:31,Branch 09,T00935,Transfer,Successful
14/8/2026 16:32,Branch 01,T00936,Withdrawal,Successful
14/8/2026 16:33,Branch 05,T00937,Transfer,Successful
14/8/2026 16:33,Branch 06,T00938,Payment,Successful
14/8/2026 16:33,Branch 11,T00939,Payment,Successful
14/8/2026 16:33,Branch 03,T00940,Transfer,Successful
14/8/2026 16:34,Branch 07,T00941,Withdrawal,Successful
14/8/2026 16:35,Branch 15,T00942,Payment,Successful
14/8/2026 16:35,Branch 11,T00943,Transfer,Successful
14/8/2026 16:35,Branch 07,T00944,Payment,Successful
14/8/2026 16:35,Branch 09,T00945,Withdrawal,Successful
14/8/2026 16:36,Branch 07,T00946,Withdrawal,Successful
14/8/2026 16:36,Branch 07,T00947,Payment,Successful
14/8/2026 16:36,Branch 03,T00948,Payment,Successful
14/8/2026 16:36,Branch 02,T00949,Transfer,Successful
14/8/2026 16:36,Branch 01,T00950,Deposit,Successful
14/8/2026 16:36,Branch 04,T00951,Transfer,Successful
14/8/2026 16:37,Branch 08,T00952,Payment,Successful
14/8/2026 16:38,Branch 13,T00953,Transfer,Successful
14/8/2026 16:38,Branch 04,T00954,Deposit,Successful
14/8/2026 16:39,Branch 05,T00955,Payment,Successful
14/8/2026 16:39,Branch 02,T00956,Transfer,Successful
14/8/2026 16:39,Branch 07,T00957,Payment,Successful
14/8/2026 16:40,Branch 05,T00958,Withdrawal,Successful
14/8/2026 16:40,Branch 12,T00959,Payment,Successful
14/8/2026 16:40,Branch 12,T00960,Transfer,Successful
14/8/2026 16:41,Branch 05,T00961,Withdrawal,Successful
14/8/2026 16:41,Branch 10,T00962,Deposit,Successful
14/8/2026 16:42,Branch 03,T00963,Transfer,Successful
14/8/2026 16:43,Branch 09,T00964,Transfer,Successful
14/8/2026 16:43,Branch 12,T00965,Transfer,Failed
14/8/2026 16:45,Branch 02,T00966,Transfer,Successful
14/8/2026 16:46,Branch 10,T00967,Deposit,Failed
14/8/2026 16:46,Branch 10,T00968,Transfer,Successful
14/8/2026 16:46,Branch 10,T00969,Withdrawal,Successful
14/8/2026 16:47,Branch 12,T00970,Transfer,Successful
14/8/2026 16:47,Branch 10,T00971,Transfer,Successful
14/8/2026 16:47,Branch 02,T00972,Payment,Successful
14/8/2026 16:47,Branch 06,T00973,Payment,Successful
14/8/2026 16:48,Branch 05,T00974,Payment,Successful
14/8/2026 16:49,Branch 05,T00975,Deposit,Successful
14/8/2026 16:49,Branch 13,T00976,Transfer,Successful
14/8/2026 16:49,Branch 07,T00977,Payment,Successful
14/8/2026 16:50,Branch 10,T00978,Transfer,Successful
14/8/2026 16:50,Branch 02,T00979,Payment,Successful
14/8/2026 16:50,Branch 09,T00980,Withdrawal,Successful
14/8/2026 16:51,Branch 13,T00981,Deposit,Successful
14/8/2026 16:51,Branch 02,T00982,Payment,Successful
14/8/2026 16:51,Branch 15,T00983,Transfer,Successful
14/8/2026 16:52,Branch 14,T00984,Deposit,Successful
14/8/2026 16:52,Branch 13,T00985,Payment,Successful
14/8/2026 16:53,Branch 10,T00986,Transfer,Successful
14/8/2026 16:53,Branch 02,T00987,Deposit,Failed
14/8/2026 16:53,Branch 08,T00988,Payment,Successful
14/8/2026 16:54,Branch 12,T00989,Transfer,Successful
14/8/2026 16:55,Branch 04,T00990,Deposit,Successful
14/8/2026 16:55,Branch 06,T00991,Payment,Successful
14/8/2026 16:56,Branch 08,T00992,Withdrawal,Successful
14/8/2026 16:57,Branch 09,T00993,Deposit,Successful
14/8/2026 16:57,Branch 02,T00994,Payment,Successful
14/8/2026 16:57,Branch 15,T00995,Transfer,Successful
14/8/2026 16:58,Branch 01,T00996,Withdrawal,Successful
14/8/2026 16:59,Branch 01,T00997,Deposit,Successful
14/8/2026 16:59,Branch 02,T00998,Payment,Successful
14/8/2026 16:59,Branch 10,T00999,Deposit,Successful
14/8/2026 16:59,Branch 11,T01000,Transfer,Successful
